<?xml version="1.0" encoding="UTF-8"?>
<config xmlns="http://www.knime.org/2008/09/XMLConfig" xmlns:xsi="http://www.w3.org/2001/XMLSchema-instance" xsi:schemaLocation="http://www.knime.org/2008/09/XMLConfig http://www.knime.org/XMLConfig_2008_09.xsd" key="spec.xml">
    <entry key="spec_name" type="xstring" value="default"/>
    <entry key="number_columns" type="xint" value="1"/>
    <config key="column_spec_0">
        <entry key="column_name" type="xstring" value="Cluster"/>
        <config key="element_names">
            <entry key="array-size" type="xint" value="0"/>
        </config>
        <config key="column_type">
            <entry key="cell_class" type="xstring" value="org.knime.core.data.def.StringCell"/>
        </config>
        <config key="column_domain">
            <config key="possible_values">
                <entry key="array-size" type="xint" value="35"/>
                <config key="0">
                    <entry key="datacell" type="xstring" value="org.knime.core.data.def.StringCell"/>
                    <config key="org.knime.core.data.def.StringCell">
                        <entry key="StringCell" type="xstring" value="Noise"/>
                    </config>
                </config>
                <config key="1">
                    <entry key="datacell" type="xstring" value="org.knime.core.data.def.StringCell"/>
                    <config key="org.knime.core.data.def.StringCell">
                        <entry key="StringCell" type="xstring" value="Cluster_22"/>
                    </config>
                </config>
                <config key="2">
                    <entry key="datacell" type="xstring" value="org.knime.core.data.def.StringCell"/>
                    <config key="org.knime.core.data.def.StringCell">
                        <entry key="StringCell" type="xstring" value="Cluster_10"/>
                    </config>
                </config>
                <config key="3">
                    <entry key="datacell" type="xstring" value="org.knime.core.data.def.StringCell"/>
                    <config key="org.knime.core.data.def.StringCell">
                        <entry key="StringCell" type="xstring" value="Cluster_31"/>
                    </config>
                </config>
                <config key="4">
                    <entry key="datacell" type="xstring" value="org.knime.core.data.def.StringCell"/>
                    <config key="org.knime.core.data.def.StringCell">
                        <entry key="StringCell" type="xstring" value="Cluster_21"/>
                    </config>
                </config>
                <config key="5">
                    <entry key="datacell" type="xstring" value="org.knime.core.data.def.StringCell"/>
                    <config key="org.knime.core.data.def.StringCell">
                        <entry key="StringCell" type="xstring" value="Cluster_9"/>
                    </config>
                </config>
                <config key="6">
                    <entry key="datacell" type="xstring" value="org.knime.core.data.def.StringCell"/>
                    <config key="org.knime.core.data.def.StringCell">
                        <entry key="StringCell" type="xstring" value="Cluster_33"/>
                    </config>
                </config>
                <config key="7">
                    <entry key="datacell" type="xstring" value="org.knime.core.data.def.StringCell"/>
                    <config key="org.knime.core.data.def.StringCell">
                        <entry key="StringCell" type="xstring" value="Cluster_30"/>
                    </config>
                </config>
                <config key="8">
                    <entry key="datacell" type="xstring" value="org.knime.core.data.def.StringCell"/>
                    <config key="org.knime.core.data.def.StringCell">
                        <entry key="StringCell" type="xstring" value="Cluster_26"/>
                    </config>
                </config>
                <config key="9">
                    <entry key="datacell" type="xstring" value="org.knime.core.data.def.StringCell"/>
                    <config key="org.knime.core.data.def.StringCell">
                        <entry key="StringCell" type="xstring" value="Cluster_4"/>
                    </config>
                </config>
                <config key="10">
                    <entry key="datacell" type="xstring" value="org.knime.core.data.def.StringCell"/>
                    <config key="org.knime.core.data.def.StringCell">
                        <entry key="StringCell" type="xstring" value="Cluster_32"/>
                    </config>
                </config>
                <config key="11">
                    <entry key="datacell" type="xstring" value="org.knime.core.data.def.StringCell"/>
                    <config key="org.knime.core.data.def.StringCell">
                        <entry key="StringCell" type="xstring" value="Cluster_20"/>
                    </config>
                </config>
                <config key="12">
                    <entry key="datacell" type="xstring" value="org.knime.core.data.def.StringCell"/>
                    <config key="org.knime.core.data.def.StringCell">
                        <entry key="StringCell" type="xstring" value="Cluster_11"/>
                    </config>
                </config>
                <config key="13">
                    <entry key="datacell" type="xstring" value="org.knime.core.data.def.StringCell"/>
                    <config key="org.knime.core.data.def.StringCell">
                        <entry key="StringCell" type="xstring" value="Cluster_13"/>
                    </config>
                </config>
                <config key="14">
                    <entry key="datacell" type="xstring" value="org.knime.core.data.def.StringCell"/>
                    <config key="org.knime.core.data.def.StringCell">
                        <entry key="StringCell" type="xstring" value="Cluster_23"/>
                    </config>
                </config>
                <config key="15">
                    <entry key="datacell" type="xstring" value="org.knime.core.data.def.StringCell"/>
                    <config key="org.knime.core.data.def.StringCell">
                        <entry key="StringCell" type="xstring" value="Cluster_25"/>
                    </config>
                </config>
                <config key="16">
                    <entry key="datacell" type="xstring" value="org.knime.core.data.def.StringCell"/>
                    <config key="org.knime.core.data.def.StringCell">
                        <entry key="StringCell" type="xstring" value="Cluster_8"/>
                    </config>
                </config>
                <config key="17">
                    <entry key="datacell" type="xstring" value="org.knime.core.data.def.StringCell"/>
                    <config key="org.knime.core.data.def.StringCell">
                        <entry key="StringCell" type="xstring" value="Cluster_29"/>
                    </config>
                </config>
                <config key="18">
                    <entry key="datacell" type="xstring" value="org.knime.core.data.def.StringCell"/>
                    <config key="org.knime.core.data.def.StringCell">
                        <entry key="StringCell" type="xstring" value="Cluster_19"/>
                    </config>
                </config>
                <config key="19">
                    <entry key="datacell" type="xstring" value="org.knime.core.data.def.StringCell"/>
                    <config key="org.knime.core.data.def.StringCell">
                        <entry key="StringCell" type="xstring" value="Cluster_0"/>
                    </config>
                </config>
                <config key="20">
                    <entry key="datacell" type="xstring" value="org.knime.core.data.def.StringCell"/>
                    <config key="org.knime.core.data.def.StringCell">
                        <entry key="StringCell" type="xstring" value="Cluster_7"/>
                    </config>
                </config>
                <config key="21">
                    <entry key="datacell" type="xstring" value="org.knime.core.data.def.StringCell"/>
                    <config key="org.knime.core.data.def.StringCell">
                        <entry key="StringCell" type="xstring" value="Cluster_2"/>
                    </config>
                </config>
                <config key="22">
                    <entry key="datacell" type="xstring" value="org.knime.core.data.def.StringCell"/>
                    <config key="org.knime.core.data.def.StringCell">
                        <entry key="StringCell" type="xstring" value="Cluster_1"/>
                    </config>
                </config>
                <config key="23">
                    <entry key="datacell" type="xstring" value="org.knime.core.data.def.StringCell"/>
                    <config key="org.knime.core.data.def.StringCell">
                        <entry key="StringCell" type="xstring" value="Cluster_3"/>
                    </config>
                </config>
                <config key="24">
                    <entry key="datacell" type="xstring" value="org.knime.core.data.def.StringCell"/>
                    <config key="org.knime.core.data.def.StringCell">
                        <entry key="StringCell" type="xstring" value="Cluster_14"/>
                    </config>
                </config>
                <config key="25">
                    <entry key="datacell" type="xstring" value="org.knime.core.data.def.StringCell"/>
                    <config key="org.knime.core.data.def.StringCell">
                        <entry key="StringCell" type="xstring" value="Cluster_27"/>
                    </config>
                </config>
                <config key="26">
                    <entry key="datacell" type="xstring" value="org.knime.core.data.def.StringCell"/>
                    <config key="org.knime.core.data.def.StringCell">
                        <entry key="StringCell" type="xstring" value="Cluster_24"/>
                    </config>
                </config>
                <config key="27">
                    <entry key="datacell" type="xstring" value="org.knime.core.data.def.StringCell"/>
                    <config key="org.knime.core.data.def.StringCell">
                        <entry key="StringCell" type="xstring" value="Cluster_12"/>
                    </config>
                </config>
                <config key="28">
                    <entry key="datacell" type="xstring" value="org.knime.core.data.def.StringCell"/>
                    <config key="org.knime.core.data.def.StringCell">
                        <entry key="StringCell" type="xstring" value="Cluster_16"/>
                    </config>
                </config>
                <config key="29">
                    <entry key="datacell" type="xstring" value="org.knime.core.data.def.StringCell"/>
                    <config key="org.knime.core.data.def.StringCell">
                        <entry key="StringCell" type="xstring" value="Cluster_18"/>
                    </config>
                </config>
                <config key="30">
                    <entry key="datacell" type="xstring" value="org.knime.core.data.def.StringCell"/>
                    <config key="org.knime.core.data.def.StringCell">
                        <entry key="StringCell" type="xstring" value="Cluster_15"/>
                    </config>
                </config>
                <config key="31">
                    <entry key="datacell" type="xstring" value="org.knime.core.data.def.StringCell"/>
                    <config key="org.knime.core.data.def.StringCell">
                        <entry key="StringCell" type="xstring" value="Cluster_6"/>
                    </config>
                </config>
                <config key="32">
                    <entry key="datacell" type="xstring" value="org.knime.core.data.def.StringCell"/>
                    <config key="org.knime.core.data.def.StringCell">
                        <entry key="StringCell" type="xstring" value="Cluster_28"/>
                    </config>
                </config>
                <config key="33">
                    <entry key="datacell" type="xstring" value="org.knime.core.data.def.StringCell"/>
                    <config key="org.knime.core.data.def.StringCell">
                        <entry key="StringCell" type="xstring" value="Cluster_5"/>
                    </config>
                </config>
                <config key="34">
                    <entry key="datacell" type="xstring" value="org.knime.core.data.def.StringCell"/>
                    <config key="org.knime.core.data.def.StringCell">
                        <entry key="StringCell" type="xstring" value="Cluster_17"/>
                    </config>
                </config>
            </config>
        </config>
        <config key="column_properties"/>
        <config key="color_handler">
            <entry key="color_model_class" type="xstring" value="org.knime.core.data.property.ColorModelNominal"/>
            <config key="color_model">
                <config key="keys">
                    <config key="Cluster_0">
                        <entry key="datacell" type="xstring" value="org.knime.core.data.def.StringCell"/>
                        <config key="org.knime.core.data.def.StringCell">
                            <entry key="StringCell" type="xstring" value="Cluster_0"/>
                        </config>
                    </config>
                    <config key="Cluster_1">
                        <entry key="datacell" type="xstring" value="org.knime.core.data.def.StringCell"/>
                        <config key="org.knime.core.data.def.StringCell">
                            <entry key="StringCell" type="xstring" value="Cluster_1"/>
                        </config>
                    </config>
                    <config key="Cluster_10">
                        <entry key="datacell" type="xstring" value="org.knime.core.data.def.StringCell"/>
                        <config key="org.knime.core.data.def.StringCell">
                            <entry key="StringCell" type="xstring" value="Cluster_10"/>
                        </config>
                    </config>
                    <config key="Cluster_11">
                        <entry key="datacell" type="xstring" value="org.knime.core.data.def.StringCell"/>
                        <config key="org.knime.core.data.def.StringCell">
                            <entry key="StringCell" type="xstring" value="Cluster_11"/>
                        </config>
                    </config>
                    <config key="Cluster_12">
                        <entry key="datacell" type="xstring" value="org.knime.core.data.def.StringCell"/>
                        <config key="org.knime.core.data.def.StringCell">
                            <entry key="StringCell" type="xstring" value="Cluster_12"/>
                        </config>
                    </config>
                    <config key="Cluster_13">
                        <entry key="datacell" type="xstring" value="org.knime.core.data.def.StringCell"/>
                        <config key="org.knime.core.data.def.StringCell">
                            <entry key="StringCell" type="xstring" value="Cluster_13"/>
                        </config>
                    </config>
                    <config key="Cluster_14">
                        <entry key="datacell" type="xstring" value="org.knime.core.data.def.StringCell"/>
                        <config key="org.knime.core.data.def.StringCell">
                            <entry key="StringCell" type="xstring" value="Cluster_14"/>
                        </config>
                    </config>
                    <config key="Cluster_15">
                        <entry key="datacell" type="xstring" value="org.knime.core.data.def.StringCell"/>
                        <config key="org.knime.core.data.def.StringCell">
                            <entry key="StringCell" type="xstring" value="Cluster_15"/>
                        </config>
                    </config>
                    <config key="Cluster_16">
                        <entry key="datacell" type="xstring" value="org.knime.core.data.def.StringCell"/>
                        <config key="org.knime.core.data.def.StringCell">
                            <entry key="StringCell" type="xstring" value="Cluster_16"/>
                        </config>
                    </config>
                    <config key="Cluster_17">
                        <entry key="datacell" type="xstring" value="org.knime.core.data.def.StringCell"/>
                        <config key="org.knime.core.data.def.StringCell">
                            <entry key="StringCell" type="xstring" value="Cluster_17"/>
                        </config>
                    </config>
                    <config key="Cluster_18">
                        <entry key="datacell" type="xstring" value="org.knime.core.data.def.StringCell"/>
                        <config key="org.knime.core.data.def.StringCell">
                            <entry key="StringCell" type="xstring" value="Cluster_18"/>
                        </config>
                    </config>
                    <config key="Cluster_19">
                        <entry key="datacell" type="xstring" value="org.knime.core.data.def.StringCell"/>
                        <config key="org.knime.core.data.def.StringCell">
                            <entry key="StringCell" type="xstring" value="Cluster_19"/>
                        </config>
                    </config>
                    <config key="Cluster_2">
                        <entry key="datacell" type="xstring" value="org.knime.core.data.def.StringCell"/>
                        <config key="org.knime.core.data.def.StringCell">
                            <entry key="StringCell" type="xstring" value="Cluster_2"/>
                        </config>
                    </config>
                    <config key="Cluster_20">
                        <entry key="datacell" type="xstring" value="org.knime.core.data.def.StringCell"/>
                        <config key="org.knime.core.data.def.StringCell">
                            <entry key="StringCell" type="xstring" value="Cluster_20"/>
                        </config>
                    </config>
                    <config key="Cluster_21">
                        <entry key="datacell" type="xstring" value="org.knime.core.data.def.StringCell"/>
                        <config key="org.knime.core.data.def.StringCell">
                            <entry key="StringCell" type="xstring" value="Cluster_21"/>
                        </config>
                    </config>
                    <config key="Cluster_22">
                        <entry key="datacell" type="xstring" value="org.knime.core.data.def.StringCell"/>
                        <config key="org.knime.core.data.def.StringCell">
                            <entry key="StringCell" type="xstring" value="Cluster_22"/>
                        </config>
                    </config>
                    <config key="Cluster_23">
                        <entry key="datacell" type="xstring" value="org.knime.core.data.def.StringCell"/>
                        <config key="org.knime.core.data.def.StringCell">
                            <entry key="StringCell" type="xstring" value="Cluster_23"/>
                        </config>
                    </config>
                    <config key="Cluster_24">
                        <entry key="datacell" type="xstring" value="org.knime.core.data.def.StringCell"/>
                        <config key="org.knime.core.data.def.StringCell">
                            <entry key="StringCell" type="xstring" value="Cluster_24"/>
                        </config>
                    </config>
                    <config key="Cluster_25">
                        <entry key="datacell" type="xstring" value="org.knime.core.data.def.StringCell"/>
                        <config key="org.knime.core.data.def.StringCell">
                            <entry key="StringCell" type="xstring" value="Cluster_25"/>
                        </config>
                    </config>
                    <config key="Cluster_26">
                        <entry key="datacell" type="xstring" value="org.knime.core.data.def.StringCell"/>
                        <config key="org.knime.core.data.def.StringCell">
                            <entry key="StringCell" type="xstring" value="Cluster_26"/>
                        </config>
                    </config>
                    <config key="Cluster_27">
                        <entry key="datacell" type="xstring" value="org.knime.core.data.def.StringCell"/>
                        <config key="org.knime.core.data.def.StringCell">
                            <entry key="StringCell" type="xstring" value="Cluster_27"/>
                        </config>
                    </config>
                    <config key="Cluster_28">
                        <entry key="datacell" type="xstring" value="org.knime.core.data.def.StringCell"/>
                        <config key="org.knime.core.data.def.StringCell">
                            <entry key="StringCell" type="xstring" value="Cluster_28"/>
                        </config>
                    </config>
                    <config key="Cluster_29">
                        <entry key="datacell" type="xstring" value="org.knime.core.data.def.StringCell"/>
                        <config key="org.knime.core.data.def.StringCell">
                            <entry key="StringCell" type="xstring" value="Cluster_29"/>
                        </config>
                    </config>
                    <config key="Cluster_3">
                        <entry key="datacell" type="xstring" value="org.knime.core.data.def.StringCell"/>
                        <config key="org.knime.core.data.def.StringCell">
                            <entry key="StringCell" type="xstring" value="Cluster_3"/>
                        </config>
                    </config>
                    <config key="Cluster_30">
                        <entry key="datacell" type="xstring" value="org.knime.core.data.def.StringCell"/>
                        <config key="org.knime.core.data.def.StringCell">
                            <entry key="StringCell" type="xstring" value="Cluster_30"/>
                        </config>
                    </config>
                    <config key="Cluster_31">
                        <entry key="datacell" type="xstring" value="org.knime.core.data.def.StringCell"/>
                        <config key="org.knime.core.data.def.StringCell">
                            <entry key="StringCell" type="xstring" value="Cluster_31"/>
                        </config>
                    </config>
                    <config key="Cluster_32">
                        <entry key="datacell" type="xstring" value="org.knime.core.data.def.StringCell"/>
                        <config key="org.knime.core.data.def.StringCell">
                            <entry key="StringCell" type="xstring" value="Cluster_32"/>
                        </config>
                    </config>
                    <config key="Cluster_33">
                        <entry key="datacell" type="xstring" value="org.knime.core.data.def.StringCell"/>
                        <config key="org.knime.core.data.def.StringCell">
                            <entry key="StringCell" type="xstring" value="Cluster_33"/>
                        </config>
                    </config>
                    <config key="Cluster_4">
                        <entry key="datacell" type="xstring" value="org.knime.core.data.def.StringCell"/>
                        <config key="org.knime.core.data.def.StringCell">
                            <entry key="StringCell" type="xstring" value="Cluster_4"/>
                        </config>
                    </config>
                    <config key="Cluster_5">
                        <entry key="datacell" type="xstring" value="org.knime.core.data.def.StringCell"/>
                        <config key="org.knime.core.data.def.StringCell">
                            <entry key="StringCell" type="xstring" value="Cluster_5"/>
                        </config>
                    </config>
                    <config key="Cluster_6">
                        <entry key="datacell" type="xstring" value="org.knime.core.data.def.StringCell"/>
                        <config key="org.knime.core.data.def.StringCell">
                            <entry key="StringCell" type="xstring" value="Cluster_6"/>
                        </config>
                    </config>
                    <config key="Cluster_7">
                        <entry key="datacell" type="xstring" value="org.knime.core.data.def.StringCell"/>
                        <config key="org.knime.core.data.def.StringCell">
                            <entry key="StringCell" type="xstring" value="Cluster_7"/>
                        </config>
                    </config>
                    <config key="Cluster_8">
                        <entry key="datacell" type="xstring" value="org.knime.core.data.def.StringCell"/>
                        <config key="org.knime.core.data.def.StringCell">
                            <entry key="StringCell" type="xstring" value="Cluster_8"/>
                        </config>
                    </config>
                    <config key="Cluster_9">
                        <entry key="datacell" type="xstring" value="org.knime.core.data.def.StringCell"/>
                        <config key="org.knime.core.data.def.StringCell">
                            <entry key="StringCell" type="xstring" value="Cluster_9"/>
                        </config>
                    </config>
                    <config key="Noise">
                        <entry key="datacell" type="xstring" value="org.knime.core.data.def.StringCell"/>
                        <config key="org.knime.core.data.def.StringCell">
                            <entry key="StringCell" type="xstring" value="Noise"/>
                        </config>
                    </config>
                </config>
                <entry key="Cluster_0" type="xint" value="-1663232"/>
                <entry key="Cluster_1" type="xint" value="-11094807"/>
                <entry key="Cluster_10" type="xint" value="-16736653"/>
                <entry key="Cluster_11" type="xint" value="-990142"/>
                <entry key="Cluster_12" type="xint" value="-16747854"/>
                <entry key="Cluster_13" type="xint" value="-2793984"/>
                <entry key="Cluster_14" type="xint" value="-3376729"/>
                <entry key="Cluster_15" type="xint" value="-1663232"/>
                <entry key="Cluster_16" type="xint" value="-11094807"/>
                <entry key="Cluster_17" type="xint" value="-16736653"/>
                <entry key="Cluster_18" type="xint" value="-990142"/>
                <entry key="Cluster_19" type="xint" value="-16747854"/>
                <entry key="Cluster_2" type="xint" value="-2793984"/>
                <entry key="Cluster_20" type="xint" value="-3376729"/>
                <entry key="Cluster_21" type="xint" value="-1663232"/>
                <entry key="Cluster_22" type="xint" value="-11094807"/>
                <entry key="Cluster_23" type="xint" value="-16736653"/>
                <entry key="Cluster_24" type="xint" value="-990142"/>
                <entry key="Cluster_25" type="xint" value="-16747854"/>
                <entry key="Cluster_26" type="xint" value="-2793984"/>
                <entry key="Cluster_27" type="xint" value="-3376729"/>
                <entry key="Cluster_28" type="xint" value="-1663232"/>
                <entry key="Cluster_29" type="xint" value="-11094807"/>
                <entry key="Cluster_3" type="xint" value="-16736653"/>
                <entry key="Cluster_30" type="xint" value="-990142"/>
                <entry key="Cluster_31" type="xint" value="-16747854"/>
                <entry key="Cluster_32" type="xint" value="-2793984"/>
                <entry key="Cluster_33" type="xint" value="-3376729"/>
                <entry key="Cluster_4" type="xint" value="-1663232"/>
                <entry key="Cluster_5" type="xint" value="-11094807"/>
                <entry key="Cluster_6" type="xint" value="-16736653"/>
                <entry key="Cluster_7" type="xint" value="-990142"/>
                <entry key="Cluster_8" type="xint" value="-16747854"/>
                <entry key="Cluster_9" type="xint" value="-2793984"/>
                <entry key="Noise" type="xint" value="-3376729"/>
            </config>
        </config>
        <config key="meta_data"/>
    </config>
</config>
