{
    "version": "1.4.0",
    "project": {
        "name": "tp-spark2-2021-build",
        "directory": "/home/finalgo/Bureau/main/Cours/Cours_Master/M2/TIW6-Big_data_analytics/tp-spark2-2021/project",
        "workspaceDir": "/home/finalgo/Bureau/main/Cours/Cours_Master/M2/TIW6-Big_data_analytics/tp-spark2-2021/project",
        "sources": [
            "/home/finalgo/Bureau/main/Cours/Cours_Master/M2/TIW6-Big_data_analytics/tp-spark2-2021/project/src/main/scala-2.12",
            "/home/finalgo/Bureau/main/Cours/Cours_Master/M2/TIW6-Big_data_analytics/tp-spark2-2021/project/src/main/scala",
            "/home/finalgo/Bureau/main/Cours/Cours_Master/M2/TIW6-Big_data_analytics/tp-spark2-2021/project/src/main/java",
            "/home/finalgo/Bureau/main/Cours/Cours_Master/M2/TIW6-Big_data_analytics/tp-spark2-2021/project/src/main/scala-sbt-1.0",
            "/home/finalgo/Bureau/main/Cours/Cours_Master/M2/TIW6-Big_data_analytics/tp-spark2-2021/project/target/scala-2.12/sbt-1.0/src_managed/main"
        ],
        "dependencies": [
            
        ],
        "classpath": [
            "/home/finalgo/.cache/coursier/v1/https/repo1.maven.org/maven2/org/ensime/sbt-ensime_2.12_1.0/2.5.1/sbt-ensime-2.5.1.jar",
            "/home/finalgo/.cache/coursier/v1/https/repo.scala-sbt.org/scalasbt/sbt-plugin-releases/com.eed3si9n/sbt-assembly/scala_2.12/sbt_1.0/0.14.8/jars/sbt-assembly.jar",
            "/home/finalgo/.cache/coursier/v1/https/repo1.maven.org/maven2/ch/epfl/scala/sbt-bloop_2.12_1.0/1.4.11/sbt-bloop-1.4.11.jar",
            "/home/finalgo/.cache/coursier/v1/https/repo1.maven.org/maven2/org/scala-sbt/sbt/1.3.13/sbt-1.3.13.jar",
            "/home/finalgo/.sbt/boot/scala-2.12.10/lib/scala-library.jar",
            "/home/finalgo/.cache/coursier/v1/https/repo1.maven.org/maven2/org/scala-lang/modules/scala-xml_2.12/1.3.0/scala-xml_2.12-1.3.0.jar",
            "/home/finalgo/.cache/coursier/v1/https/repo.scala-sbt.org/scalasbt/sbt-plugin-releases/com.dwijnand/sbt-compat/scala_2.12/sbt_1.0/1.0.0/jars/sbt-compat.jar",
            "/home/finalgo/.cache/coursier/v1/https/repo1.maven.org/maven2/org/scalactic/scalactic_2.12/3.0.1/scalactic_2.12-3.0.1.jar",
            "/home/finalgo/.cache/coursier/v1/https/repo1.maven.org/maven2/org/pantsbuild/jarjar/1.6.6/jarjar-1.6.6.jar",
            "/home/finalgo/.cache/coursier/v1/https/repo1.maven.org/maven2/net/java/dev/jna/jna/5.5.0/jna-5.5.0.jar",
            "/home/finalgo/.cache/coursier/v1/https/repo1.maven.org/maven2/net/java/dev/jna/jna-platform/5.5.0/jna-platform-5.5.0.jar",
            "/home/finalgo/.cache/coursier/v1/https/repo1.maven.org/maven2/com/google/code/gson/gson/2.7/gson-2.7.jar",
            "/home/finalgo/.cache/coursier/v1/https/repo1.maven.org/maven2/com/google/code/findbugs/jsr305/3.0.2/jsr305-3.0.2.jar",
            "/home/finalgo/.cache/coursier/v1/https/repo1.maven.org/maven2/org/scala-sbt/main_2.12/1.3.13/main_2.12-1.3.13.jar",
            "/home/finalgo/.cache/coursier/v1/https/repo1.maven.org/maven2/org/scala-sbt/io_2.12/1.3.4/io_2.12-1.3.4.jar",
            "/home/finalgo/.sbt/boot/scala-2.12.10/lib/scala-reflect.jar",
            "/home/finalgo/.cache/coursier/v1/https/repo1.maven.org/maven2/org/apache/ant/ant/1.9.9/ant-1.9.9.jar",
            "/home/finalgo/.cache/coursier/v1/https/repo1.maven.org/maven2/org/ow2/asm/asm/6.2/asm-6.2.jar",
            "/home/finalgo/.cache/coursier/v1/https/repo1.maven.org/maven2/org/ow2/asm/asm-commons/6.2/asm-commons-6.2.jar",
            "/home/finalgo/.cache/coursier/v1/https/repo1.maven.org/maven2/org/apache/maven/maven-plugin-api/3.3.9/maven-plugin-api-3.3.9.jar",
            "/home/finalgo/.cache/coursier/v1/https/repo1.maven.org/maven2/org/scala-sbt/logic_2.12/1.3.13/logic_2.12-1.3.13.jar",
            "/home/finalgo/.cache/coursier/v1/https/repo1.maven.org/maven2/org/scala-sbt/actions_2.12/1.3.13/actions_2.12-1.3.13.jar",
            "/home/finalgo/.cache/coursier/v1/https/repo1.maven.org/maven2/org/scala-sbt/main-settings_2.12/1.3.13/main-settings_2.12-1.3.13.jar",
            "/home/finalgo/.cache/coursier/v1/https/repo1.maven.org/maven2/org/scala-sbt/run_2.12/1.3.13/run_2.12-1.3.13.jar",
            "/home/finalgo/.cache/coursier/v1/https/repo1.maven.org/maven2/org/scala-sbt/command_2.12/1.3.13/command_2.12-1.3.13.jar",
            "/home/finalgo/.cache/coursier/v1/https/repo1.maven.org/maven2/org/scala-sbt/collections_2.12/1.3.13/collections_2.12-1.3.13.jar",
            "/home/finalgo/.cache/coursier/v1/https/repo1.maven.org/maven2/org/scala-sbt/scripted-sbt-redux_2.12/1.3.13/scripted-sbt-redux_2.12-1.3.13.jar",
            "/home/finalgo/.cache/coursier/v1/https/repo1.maven.org/maven2/org/scala-sbt/scripted-plugin_2.12/1.3.13/scripted-plugin_2.12-1.3.13.jar",
            "/home/finalgo/.cache/coursier/v1/https/repo1.maven.org/maven2/org/scala-sbt/zinc-lm-integration_2.12/1.3.13/zinc-lm-integration_2.12-1.3.13.jar",
            "/home/finalgo/.cache/coursier/v1/https/repo1.maven.org/maven2/org/scala-sbt/launcher-interface/1.1.4/launcher-interface-1.1.4.jar",
            "/home/finalgo/.cache/coursier/v1/https/repo1.maven.org/maven2/org/apache/logging/log4j/log4j-api/2.11.2/log4j-api-2.11.2.jar",
            "/home/finalgo/.cache/coursier/v1/https/repo1.maven.org/maven2/org/apache/logging/log4j/log4j-core/2.11.2/log4j-core-2.11.2.jar",
            "/home/finalgo/.cache/coursier/v1/https/repo1.maven.org/maven2/org/apache/logging/log4j/log4j-slf4j-impl/2.11.2/log4j-slf4j-impl-2.11.2.jar",
            "/home/finalgo/.cache/coursier/v1/https/repo1.maven.org/maven2/com/github/cb372/scalacache-caffeine_2.12/0.20.0/scalacache-caffeine_2.12-0.20.0.jar",
            "/home/finalgo/.cache/coursier/v1/https/repo1.maven.org/maven2/io/get-coursier/lm-coursier-shaded_2.12/2.0.0-RC6-4/lm-coursier-shaded_2.12-2.0.0-RC6-4.jar",
            "/home/finalgo/.cache/coursier/v1/https/repo1.maven.org/maven2/org/scala-sbt/util-logging_2.12/1.3.3/util-logging_2.12-1.3.3.jar",
            "/home/finalgo/.cache/coursier/v1/https/repo1.maven.org/maven2/org/scala-sbt/librarymanagement-core_2.12/1.3.4/librarymanagement-core_2.12-1.3.4.jar",
            "/home/finalgo/.cache/coursier/v1/https/repo1.maven.org/maven2/org/scala-sbt/librarymanagement-ivy_2.12/1.3.4/librarymanagement-ivy_2.12-1.3.4.jar",
            "/home/finalgo/.cache/coursier/v1/https/repo1.maven.org/maven2/org/scala-sbt/compiler-interface/1.3.5/compiler-interface-1.3.5.jar",
            "/home/finalgo/.cache/coursier/v1/https/repo1.maven.org/maven2/org/scala-sbt/zinc-compile_2.12/1.3.5/zinc-compile_2.12-1.3.5.jar",
            "/home/finalgo/.cache/coursier/v1/https/repo1.maven.org/maven2/com/swoval/file-tree-views/2.1.3/file-tree-views-2.1.3.jar",
            "/home/finalgo/.cache/coursier/v1/https/repo1.maven.org/maven2/org/apache/ant/ant-launcher/1.9.9/ant-launcher-1.9.9.jar",
            "/home/finalgo/.cache/coursier/v1/https/repo1.maven.org/maven2/org/ow2/asm/asm-tree/6.2/asm-tree-6.2.jar",
            "/home/finalgo/.cache/coursier/v1/https/repo1.maven.org/maven2/org/ow2/asm/asm-analysis/6.2/asm-analysis-6.2.jar",
            "/home/finalgo/.cache/coursier/v1/https/repo1.maven.org/maven2/org/apache/maven/maven-model/3.3.9/maven-model-3.3.9.jar",
            "/home/finalgo/.cache/coursier/v1/https/repo1.maven.org/maven2/org/apache/maven/maven-artifact/3.3.9/maven-artifact-3.3.9.jar",
            "/home/finalgo/.cache/coursier/v1/https/repo1.maven.org/maven2/org/eclipse/sisu/org.eclipse.sisu.plexus/0.3.2/org.eclipse.sisu.plexus-0.3.2.jar",
            "/home/finalgo/.cache/coursier/v1/https/repo1.maven.org/maven2/org/scala-sbt/util-relation_2.12/1.3.3/util-relation_2.12-1.3.3.jar",
            "/home/finalgo/.cache/coursier/v1/https/repo1.maven.org/maven2/org/scala-sbt/completion_2.12/1.3.13/completion_2.12-1.3.13.jar",
            "/home/finalgo/.cache/coursier/v1/https/repo1.maven.org/maven2/org/scala-sbt/task-system_2.12/1.3.13/task-system_2.12-1.3.13.jar",
            "/home/finalgo/.cache/coursier/v1/https/repo1.maven.org/maven2/org/scala-sbt/tasks_2.12/1.3.13/tasks_2.12-1.3.13.jar",
            "/home/finalgo/.cache/coursier/v1/https/repo1.maven.org/maven2/org/scala-sbt/testing_2.12/1.3.13/testing_2.12-1.3.13.jar",
            "/home/finalgo/.cache/coursier/v1/https/repo1.maven.org/maven2/com/eed3si9n/sjson-new-scalajson_2.12/0.8.3/sjson-new-scalajson_2.12-0.8.3.jar",
            "/home/finalgo/.cache/coursier/v1/https/repo1.maven.org/maven2/org/scala-sbt/util-tracking_2.12/1.3.3/util-tracking_2.12-1.3.3.jar",
            "/home/finalgo/.cache/coursier/v1/https/repo1.maven.org/maven2/org/scala-sbt/zinc-classpath_2.12/1.3.5/zinc-classpath_2.12-1.3.5.jar",
            "/home/finalgo/.cache/coursier/v1/https/repo1.maven.org/maven2/org/scala-sbt/zinc-apiinfo_2.12/1.3.5/zinc-apiinfo_2.12-1.3.5.jar",
            "/home/finalgo/.cache/coursier/v1/https/repo1.maven.org/maven2/org/scala-sbt/zinc_2.12/1.3.5/zinc_2.12-1.3.5.jar",
            "/home/finalgo/.cache/coursier/v1/https/repo1.maven.org/maven2/org/scala-sbt/core-macros_2.12/1.3.13/core-macros_2.12-1.3.13.jar",
            "/home/finalgo/.cache/coursier/v1/https/repo1.maven.org/maven2/org/scala-sbt/util-cache_2.12/1.3.3/util-cache_2.12-1.3.3.jar",
            "/home/finalgo/.cache/coursier/v1/https/repo1.maven.org/maven2/org/scala-sbt/util-control_2.12/1.3.3/util-control_2.12-1.3.3.jar",
            "/home/finalgo/.cache/coursier/v1/https/repo1.maven.org/maven2/org/scala-sbt/protocol_2.12/1.3.13/protocol_2.12-1.3.13.jar",
            "/home/finalgo/.cache/coursier/v1/https/repo1.maven.org/maven2/com/eed3si9n/sjson-new-core_2.12/0.8.3/sjson-new-core_2.12-0.8.3.jar",
            "/home/finalgo/.cache/coursier/v1/https/repo1.maven.org/maven2/org/scala-sbt/template-resolver/0.1/template-resolver-0.1.jar",
            "/home/finalgo/.cache/coursier/v1/https/repo1.maven.org/maven2/org/scala-sbt/util-position_2.12/1.3.3/util-position_2.12-1.3.3.jar",
            "/home/finalgo/.cache/coursier/v1/https/repo1.maven.org/maven2/org/scala-sbt/util-scripted_2.12/1.3.3/util-scripted_2.12-1.3.3.jar",
            "/home/finalgo/.cache/coursier/v1/https/repo1.maven.org/maven2/org/scala-sbt/zinc-compile-core_2.12/1.3.5/zinc-compile-core_2.12-1.3.5.jar",
            "/home/finalgo/.cache/coursier/v1/https/repo1.maven.org/maven2/org/slf4j/slf4j-api/1.7.26/slf4j-api-1.7.26.jar",
            "/home/finalgo/.cache/coursier/v1/https/repo1.maven.org/maven2/com/github/cb372/scalacache-core_2.12/0.20.0/scalacache-core_2.12-0.20.0.jar",
            "/home/finalgo/.cache/coursier/v1/https/repo1.maven.org/maven2/com/github/ben-manes/caffeine/caffeine/2.5.6/caffeine-2.5.6.jar",
            "/home/finalgo/.cache/coursier/v1/https/repo1.maven.org/maven2/org/scala-sbt/util-interface/1.3.3/util-interface-1.3.3.jar",
            "/home/finalgo/.cache/coursier/v1/https/repo1.maven.org/maven2/jline/jline/2.14.6/jline-2.14.6.jar",
            "/home/finalgo/.cache/coursier/v1/https/repo1.maven.org/maven2/com/lmax/disruptor/3.4.2/disruptor-3.4.2.jar",
            "/home/finalgo/.sbt/boot/scala-2.12.10/lib/scala-compiler.jar",
            "/home/finalgo/.cache/coursier/v1/https/repo1.maven.org/maven2/com/jcraft/jsch/0.1.54/jsch-0.1.54.jar",
            "/home/finalgo/.cache/coursier/v1/https/repo1.maven.org/maven2/com/eed3si9n/gigahorse-okhttp_2.12/0.5.0/gigahorse-okhttp_2.12-0.5.0.jar",
            "/home/finalgo/.cache/coursier/v1/https/repo1.maven.org/maven2/com/squareup/okhttp3/okhttp-urlconnection/3.7.0/okhttp-urlconnection-3.7.0.jar",
            "/home/finalgo/.cache/coursier/v1/https/repo1.maven.org/maven2/org/scala-sbt/ivy/ivy/2.3.0-sbt-839fad1cdc07cf6fc81364d74c323867230432ad/ivy-2.3.0-sbt-839fad1cdc07cf6fc81364d74c323867230432ad.jar",
            "/home/finalgo/.cache/coursier/v1/https/repo1.maven.org/maven2/com/google/protobuf/protobuf-java/3.7.0/protobuf-java-3.7.0.jar",
            "/home/finalgo/.cache/coursier/v1/https/repo1.maven.org/maven2/org/codehaus/plexus/plexus-utils/3.0.22/plexus-utils-3.0.22.jar",
            "/home/finalgo/.cache/coursier/v1/https/repo1.maven.org/maven2/org/apache/commons/commons-lang3/3.4/commons-lang3-3.4.jar",
            "/home/finalgo/.cache/coursier/v1/https/repo1.maven.org/maven2/javax/enterprise/cdi-api/1.0/cdi-api-1.0.jar",
            "/home/finalgo/.cache/coursier/v1/https/repo1.maven.org/maven2/org/eclipse/sisu/org.eclipse.sisu.inject/0.3.2/org.eclipse.sisu.inject-0.3.2.jar",
            "/home/finalgo/.cache/coursier/v1/https/repo1.maven.org/maven2/org/codehaus/plexus/plexus-component-annotations/1.5.5/plexus-component-annotations-1.5.5.jar",
            "/home/finalgo/.cache/coursier/v1/https/repo1.maven.org/maven2/org/codehaus/plexus/plexus-classworlds/2.5.2/plexus-classworlds-2.5.2.jar",
            "/home/finalgo/.cache/coursier/v1/https/repo1.maven.org/maven2/org/scala-sbt/test-agent/1.3.13/test-agent-1.3.13.jar",
            "/home/finalgo/.cache/coursier/v1/https/repo1.maven.org/maven2/org/scala-sbt/test-interface/1.0/test-interface-1.0.jar",
            "/home/finalgo/.cache/coursier/v1/https/repo1.maven.org/maven2/com/eed3si9n/shaded-scalajson_2.12/1.0.0-M4/shaded-scalajson_2.12-1.0.0-M4.jar",
            "/home/finalgo/.cache/coursier/v1/https/repo1.maven.org/maven2/org/spire-math/jawn-parser_2.12/0.10.4/jawn-parser_2.12-0.10.4.jar",
            "/home/finalgo/.cache/coursier/v1/https/repo1.maven.org/maven2/org/scala-sbt/compiler-bridge_2.12/1.3.5/compiler-bridge_2.12-1.3.5.jar",
            "/home/finalgo/.cache/coursier/v1/https/repo1.maven.org/maven2/org/scala-sbt/zinc-classfile_2.12/1.3.5/zinc-classfile_2.12-1.3.5.jar",
            "/home/finalgo/.cache/coursier/v1/https/repo1.maven.org/maven2/org/scala-sbt/zinc-core_2.12/1.3.5/zinc-core_2.12-1.3.5.jar",
            "/home/finalgo/.cache/coursier/v1/https/repo1.maven.org/maven2/org/scala-sbt/zinc-persist_2.12/1.3.5/zinc-persist_2.12-1.3.5.jar",
            "/home/finalgo/.cache/coursier/v1/https/repo1.maven.org/maven2/com/eed3si9n/sjson-new-murmurhash_2.12/0.8.3/sjson-new-murmurhash_2.12-0.8.3.jar",
            "/home/finalgo/.cache/coursier/v1/https/repo1.maven.org/maven2/org/scala-sbt/ipcsocket/ipcsocket/1.0.1/ipcsocket-1.0.1.jar",
            "/home/finalgo/.cache/coursier/v1/https/repo1.maven.org/maven2/org/scala-lang/modules/scala-parser-combinators_2.12/1.1.2/scala-parser-combinators_2.12-1.1.2.jar",
            "/home/finalgo/.cache/coursier/v1/https/repo1.maven.org/maven2/com/eed3si9n/gigahorse-core_2.12/0.5.0/gigahorse-core_2.12-0.5.0.jar",
            "/home/finalgo/.cache/coursier/v1/https/repo1.maven.org/maven2/com/squareup/okhttp3/okhttp/3.14.2/okhttp-3.14.2.jar",
            "/home/finalgo/.cache/coursier/v1/https/repo1.maven.org/maven2/javax/annotation/jsr250-api/1.0/jsr250-api-1.0.jar",
            "/home/finalgo/.cache/coursier/v1/https/repo1.maven.org/maven2/javax/inject/javax.inject/1/javax.inject-1.jar",
            "/home/finalgo/.cache/coursier/v1/https/repo1.maven.org/maven2/com/trueaccord/scalapb/scalapb-runtime_2.12/0.6.0/scalapb-runtime_2.12-0.6.0.jar",
            "/home/finalgo/.cache/coursier/v1/https/repo1.maven.org/maven2/org/scala-sbt/sbinary_2.12/0.5.0/sbinary_2.12-0.5.0.jar",
            "/home/finalgo/.cache/coursier/v1/https/repo1.maven.org/maven2/com/typesafe/ssl-config-core_2.12/0.4.0/ssl-config-core_2.12-0.4.0.jar",
            "/home/finalgo/.cache/coursier/v1/https/repo1.maven.org/maven2/org/reactivestreams/reactive-streams/1.0.2/reactive-streams-1.0.2.jar",
            "/home/finalgo/.cache/coursier/v1/https/repo1.maven.org/maven2/com/squareup/okio/okio/1.17.2/okio-1.17.2.jar",
            "/home/finalgo/.cache/coursier/v1/https/repo1.maven.org/maven2/com/trueaccord/lenses/lenses_2.12/0.4.12/lenses_2.12-0.4.12.jar",
            "/home/finalgo/.cache/coursier/v1/https/repo1.maven.org/maven2/com/lihaoyi/fastparse_2.12/0.4.2/fastparse_2.12-0.4.2.jar",
            "/home/finalgo/.cache/coursier/v1/https/repo1.maven.org/maven2/com/typesafe/config/1.3.3/config-1.3.3.jar",
            "/home/finalgo/.cache/coursier/v1/https/repo1.maven.org/maven2/com/lihaoyi/fastparse-utils_2.12/0.4.2/fastparse-utils_2.12-0.4.2.jar",
            "/home/finalgo/.cache/coursier/v1/https/repo1.maven.org/maven2/com/lihaoyi/sourcecode_2.12/0.1.3/sourcecode_2.12-0.1.3.jar"
        ],
        "out": "/home/finalgo/Bureau/main/Cours/Cours_Master/M2/TIW6-Big_data_analytics/tp-spark2-2021/project/.bloop/tp-spark2-2021-build",
        "classesDir": "/home/finalgo/Bureau/main/Cours/Cours_Master/M2/TIW6-Big_data_analytics/tp-spark2-2021/project/.bloop/tp-spark2-2021-build/scala-2.12/sbt-1.0/classes",
        "resources": [
            "/home/finalgo/Bureau/main/Cours/Cours_Master/M2/TIW6-Big_data_analytics/tp-spark2-2021/project/src/main/resources",
            "/home/finalgo/Bureau/main/Cours/Cours_Master/M2/TIW6-Big_data_analytics/tp-spark2-2021/project/target/scala-2.12/sbt-1.0/resource_managed/main"
        ],
        "scala": {
            "organization": "org.scala-lang",
            "name": "scala-compiler",
            "version": "2.12.10",
            "options": [
                "-deprecation"
            ],
            "jars": [
                "/home/finalgo/.sbt/boot/scala-2.12.10/lib/scala-library.jar",
                "/home/finalgo/.sbt/boot/scala-2.12.10/lib/scala-xml_2.12-1.0.6.jar",
                "/home/finalgo/.sbt/boot/scala-2.12.10/lib/scala-compiler.jar",
                "/home/finalgo/.sbt/boot/scala-2.12.10/lib/scala-reflect.jar"
            ],
            "analysis": "/home/finalgo/Bureau/main/Cours/Cours_Master/M2/TIW6-Big_data_analytics/tp-spark2-2021/project/target/streams/compile/bloopAnalysisOut/_global/streams/inc_compile_2.12.zip",
            "setup": {
                "order": "mixed",
                "addLibraryToBootClasspath": true,
                "addCompilerToClasspath": false,
                "addExtraJarsToClasspath": false,
                "manageBootClasspath": true,
                "filterLibraryFromClasspath": true
            }
        },
        "java": {
            "options": [
                
            ]
        },
        "sbt": {
            "sbtVersion": "1.3.13",
            "autoImports": [
                "import _root_.scala.xml.{TopScope=>$scope}",
                "import _root_.sbt._",
                "import _root_.sbt.Keys._",
                "import _root_.sbt.nio.Keys._",
                "import _root_.sbt.ScriptedPlugin.autoImport._, _root_.bloop.integrations.sbt.BloopPlugin.autoImport._, _root_.org.ensime.EnsimeCoursierPlugin.autoImport._, _root_.org.ensime.EnsimeExtrasPlugin.autoImport._, _root_.org.ensime.EnsimePlugin.autoImport._, _root_.sbtassembly.AssemblyPlugin.autoImport._",
                "import _root_.sbt.plugins.IvyPlugin, _root_.sbt.plugins.JvmPlugin, _root_.sbt.plugins.CorePlugin, _root_.sbt.ScriptedPlugin, _root_.sbt.plugins.SbtPlugin, _root_.sbt.plugins.SemanticdbPlugin, _root_.sbt.plugins.JUnitXmlReportPlugin, _root_.sbt.plugins.Giter8TemplatePlugin, _root_.bloop.integrations.sbt.BloopPlugin, _root_.org.ensime.EnsimeCoursierPlugin, _root_.org.ensime.EnsimeExtrasPlugin, _root_.org.ensime.EnsimePlugin, _root_.sbtassembly.AssemblyPlugin"
            ]
        },
        "test": {
            "frameworks": [
                {
                    "names": [
                        "org.scalacheck.ScalaCheckFramework"
                    ]
                },
                {
                    "names": [
                        "org.specs2.runner.Specs2Framework",
                        "org.specs2.runner.SpecsFramework"
                    ]
                },
                {
                    "names": [
                        "org.specs.runner.SpecsFramework"
                    ]
                },
                {
                    "names": [
                        "org.scalatest.tools.Framework",
                        "org.scalatest.tools.ScalaTestFramework"
                    ]
                },
                {
                    "names": [
                        "com.novocode.junit.JUnitFramework"
                    ]
                }
            ],
            "options": {
                "excludes": [
                    
                ],
                "arguments": [
                    
                ]
            }
        },
        "platform": {
            "name": "jvm",
            "config": {
                "home": "/home/finalgo/.jdks/corretto-1.8.0_312/jre",
                "options": [
                    "-Duser.dir=/home/finalgo/Bureau/main/Cours/Cours_Master/M2/TIW6-Big_data_analytics/tp-spark2-2021/project"
                ]
            },
            "mainClass": [
                
            ]
        },
        "resolution": {
            "modules": [
                {
                    "organization": "org.ensime",
                    "name": "sbt-ensime",
                    "version": "2.5.1",
                    "configurations": "default",
                    "artifacts": [
                        {
                            "name": "sbt-ensime",
                            "path": "/home/finalgo/.cache/coursier/v1/https/repo1.maven.org/maven2/org/ensime/sbt-ensime_2.12_1.0/2.5.1/sbt-ensime-2.5.1.jar"
                        }
                    ]
                },
                {
                    "organization": "com.eed3si9n",
                    "name": "sbt-assembly",
                    "version": "0.14.8",
                    "configurations": "compile",
                    "artifacts": [
                        {
                            "name": "sbt-assembly",
                            "path": "/home/finalgo/.cache/coursier/v1/https/repo.scala-sbt.org/scalasbt/sbt-plugin-releases/com.eed3si9n/sbt-assembly/scala_2.12/sbt_1.0/0.14.8/jars/sbt-assembly.jar"
                        }
                    ]
                },
                {
                    "organization": "ch.epfl.scala",
                    "name": "sbt-bloop",
                    "version": "1.4.11",
                    "configurations": "default",
                    "artifacts": [
                        {
                            "name": "sbt-bloop",
                            "path": "/home/finalgo/.cache/coursier/v1/https/repo1.maven.org/maven2/ch/epfl/scala/sbt-bloop_2.12_1.0/1.4.11/sbt-bloop-1.4.11.jar"
                        }
                    ]
                },
                {
                    "organization": "org.scala-lang",
                    "name": "scala-library",
                    "version": "2.12.10",
                    "configurations": "default",
                    "artifacts": [
                        {
                            "name": "scala-library",
                            "path": "/home/finalgo/.sbt/boot/scala-2.12.10/lib/scala-library.jar"
                        }
                    ]
                },
                {
                    "organization": "org.scala-lang.modules",
                    "name": "scala-xml_2.12",
                    "version": "1.3.0",
                    "configurations": "default",
                    "artifacts": [
                        {
                            "name": "scala-xml_2.12",
                            "path": "/home/finalgo/.cache/coursier/v1/https/repo1.maven.org/maven2/org/scala-lang/modules/scala-xml_2.12/1.3.0/scala-xml_2.12-1.3.0.jar"
                        }
                    ]
                },
                {
                    "organization": "com.dwijnand",
                    "name": "sbt-compat",
                    "version": "1.0.0",
                    "configurations": "compile",
                    "artifacts": [
                        {
                            "name": "sbt-compat",
                            "path": "/home/finalgo/.cache/coursier/v1/https/repo.scala-sbt.org/scalasbt/sbt-plugin-releases/com.dwijnand/sbt-compat/scala_2.12/sbt_1.0/1.0.0/jars/sbt-compat.jar"
                        }
                    ]
                },
                {
                    "organization": "org.scalactic",
                    "name": "scalactic_2.12",
                    "version": "3.0.1",
                    "configurations": "default",
                    "artifacts": [
                        {
                            "name": "scalactic_2.12",
                            "path": "/home/finalgo/.cache/coursier/v1/https/repo1.maven.org/maven2/org/scalactic/scalactic_2.12/3.0.1/scalactic_2.12-3.0.1.jar"
                        }
                    ]
                },
                {
                    "organization": "org.pantsbuild",
                    "name": "jarjar",
                    "version": "1.6.6",
                    "configurations": "default",
                    "artifacts": [
                        {
                            "name": "jarjar",
                            "path": "/home/finalgo/.cache/coursier/v1/https/repo1.maven.org/maven2/org/pantsbuild/jarjar/1.6.6/jarjar-1.6.6.jar"
                        }
                    ]
                },
                {
                    "organization": "net.java.dev.jna",
                    "name": "jna",
                    "version": "5.5.0",
                    "configurations": "default",
                    "artifacts": [
                        {
                            "name": "jna",
                            "path": "/home/finalgo/.cache/coursier/v1/https/repo1.maven.org/maven2/net/java/dev/jna/jna/5.5.0/jna-5.5.0.jar"
                        }
                    ]
                },
                {
                    "organization": "net.java.dev.jna",
                    "name": "jna-platform",
                    "version": "5.5.0",
                    "configurations": "default",
                    "artifacts": [
                        {
                            "name": "jna-platform",
                            "path": "/home/finalgo/.cache/coursier/v1/https/repo1.maven.org/maven2/net/java/dev/jna/jna-platform/5.5.0/jna-platform-5.5.0.jar"
                        }
                    ]
                },
                {
                    "organization": "com.google.code.gson",
                    "name": "gson",
                    "version": "2.7",
                    "configurations": "default",
                    "artifacts": [
                        {
                            "name": "gson",
                            "path": "/home/finalgo/.cache/coursier/v1/https/repo1.maven.org/maven2/com/google/code/gson/gson/2.7/gson-2.7.jar"
                        }
                    ]
                },
                {
                    "organization": "com.google.code.findbugs",
                    "name": "jsr305",
                    "version": "3.0.2",
                    "configurations": "default",
                    "artifacts": [
                        {
                            "name": "jsr305",
                            "path": "/home/finalgo/.cache/coursier/v1/https/repo1.maven.org/maven2/com/google/code/findbugs/jsr305/3.0.2/jsr305-3.0.2.jar"
                        }
                    ]
                },
                {
                    "organization": "org.scala-lang",
                    "name": "scala-reflect",
                    "version": "2.12.10",
                    "configurations": "default",
                    "artifacts": [
                        {
                            "name": "scala-reflect",
                            "path": "/home/finalgo/.sbt/boot/scala-2.12.10/lib/scala-reflect.jar"
                        }
                    ]
                },
                {
                    "organization": "org.apache.ant",
                    "name": "ant",
                    "version": "1.9.9",
                    "configurations": "default",
                    "artifacts": [
                        {
                            "name": "ant",
                            "path": "/home/finalgo/.cache/coursier/v1/https/repo1.maven.org/maven2/org/apache/ant/ant/1.9.9/ant-1.9.9.jar"
                        }
                    ]
                },
                {
                    "organization": "org.ow2.asm",
                    "name": "asm",
                    "version": "6.2",
                    "configurations": "default",
                    "artifacts": [
                        {
                            "name": "asm",
                            "path": "/home/finalgo/.cache/coursier/v1/https/repo1.maven.org/maven2/org/ow2/asm/asm/6.2/asm-6.2.jar"
                        }
                    ]
                },
                {
                    "organization": "org.ow2.asm",
                    "name": "asm-commons",
                    "version": "6.2",
                    "configurations": "default",
                    "artifacts": [
                        {
                            "name": "asm-commons",
                            "path": "/home/finalgo/.cache/coursier/v1/https/repo1.maven.org/maven2/org/ow2/asm/asm-commons/6.2/asm-commons-6.2.jar"
                        }
                    ]
                },
                {
                    "organization": "org.apache.maven",
                    "name": "maven-plugin-api",
                    "version": "3.3.9",
                    "configurations": "default",
                    "artifacts": [
                        {
                            "name": "maven-plugin-api",
                            "path": "/home/finalgo/.cache/coursier/v1/https/repo1.maven.org/maven2/org/apache/maven/maven-plugin-api/3.3.9/maven-plugin-api-3.3.9.jar"
                        }
                    ]
                },
                {
                    "organization": "org.apache.ant",
                    "name": "ant-launcher",
                    "version": "1.9.9",
                    "configurations": "default",
                    "artifacts": [
                        {
                            "name": "ant-launcher",
                            "path": "/home/finalgo/.cache/coursier/v1/https/repo1.maven.org/maven2/org/apache/ant/ant-launcher/1.9.9/ant-launcher-1.9.9.jar"
                        }
                    ]
                },
                {
                    "organization": "org.ow2.asm",
                    "name": "asm-tree",
                    "version": "6.2",
                    "configurations": "default",
                    "artifacts": [
                        {
                            "name": "asm-tree",
                            "path": "/home/finalgo/.cache/coursier/v1/https/repo1.maven.org/maven2/org/ow2/asm/asm-tree/6.2/asm-tree-6.2.jar"
                        }
                    ]
                },
                {
                    "organization": "org.ow2.asm",
                    "name": "asm-analysis",
                    "version": "6.2",
                    "configurations": "default",
                    "artifacts": [
                        {
                            "name": "asm-analysis",
                            "path": "/home/finalgo/.cache/coursier/v1/https/repo1.maven.org/maven2/org/ow2/asm/asm-analysis/6.2/asm-analysis-6.2.jar"
                        }
                    ]
                },
                {
                    "organization": "org.apache.maven",
                    "name": "maven-model",
                    "version": "3.3.9",
                    "configurations": "default",
                    "artifacts": [
                        {
                            "name": "maven-model",
                            "path": "/home/finalgo/.cache/coursier/v1/https/repo1.maven.org/maven2/org/apache/maven/maven-model/3.3.9/maven-model-3.3.9.jar"
                        }
                    ]
                },
                {
                    "organization": "org.apache.maven",
                    "name": "maven-artifact",
                    "version": "3.3.9",
                    "configurations": "default",
                    "artifacts": [
                        {
                            "name": "maven-artifact",
                            "path": "/home/finalgo/.cache/coursier/v1/https/repo1.maven.org/maven2/org/apache/maven/maven-artifact/3.3.9/maven-artifact-3.3.9.jar"
                        }
                    ]
                },
                {
                    "organization": "org.eclipse.sisu",
                    "name": "org.eclipse.sisu.plexus",
                    "version": "0.3.2",
                    "configurations": "default",
                    "artifacts": [
                        {
                            "name": "org.eclipse.sisu.plexus",
                            "path": "/home/finalgo/.cache/coursier/v1/https/repo1.maven.org/maven2/org/eclipse/sisu/org.eclipse.sisu.plexus/0.3.2/org.eclipse.sisu.plexus-0.3.2.jar"
                        }
                    ]
                },
                {
                    "organization": "org.codehaus.plexus",
                    "name": "plexus-utils",
                    "version": "3.0.22",
                    "configurations": "default",
                    "artifacts": [
                        {
                            "name": "plexus-utils",
                            "path": "/home/finalgo/.cache/coursier/v1/https/repo1.maven.org/maven2/org/codehaus/plexus/plexus-utils/3.0.22/plexus-utils-3.0.22.jar"
                        }
                    ]
                },
                {
                    "organization": "org.apache.commons",
                    "name": "commons-lang3",
                    "version": "3.4",
                    "configurations": "default",
                    "artifacts": [
                        {
                            "name": "commons-lang3",
                            "path": "/home/finalgo/.cache/coursier/v1/https/repo1.maven.org/maven2/org/apache/commons/commons-lang3/3.4/commons-lang3-3.4.jar"
                        }
                    ]
                },
                {
                    "organization": "javax.enterprise",
                    "name": "cdi-api",
                    "version": "1.0",
                    "configurations": "default",
                    "artifacts": [
                        {
                            "name": "cdi-api",
                            "path": "/home/finalgo/.cache/coursier/v1/https/repo1.maven.org/maven2/javax/enterprise/cdi-api/1.0/cdi-api-1.0.jar"
                        }
                    ]
                },
                {
                    "organization": "org.eclipse.sisu",
                    "name": "org.eclipse.sisu.inject",
                    "version": "0.3.2",
                    "configurations": "default",
                    "artifacts": [
                        {
                            "name": "org.eclipse.sisu.inject",
                            "path": "/home/finalgo/.cache/coursier/v1/https/repo1.maven.org/maven2/org/eclipse/sisu/org.eclipse.sisu.inject/0.3.2/org.eclipse.sisu.inject-0.3.2.jar"
                        }
                    ]
                },
                {
                    "organization": "org.codehaus.plexus",
                    "name": "plexus-component-annotations",
                    "version": "1.5.5",
                    "configurations": "default",
                    "artifacts": [
                        {
                            "name": "plexus-component-annotations",
                            "path": "/home/finalgo/.cache/coursier/v1/https/repo1.maven.org/maven2/org/codehaus/plexus/plexus-component-annotations/1.5.5/plexus-component-annotations-1.5.5.jar"
                        }
                    ]
                },
                {
                    "organization": "org.codehaus.plexus",
                    "name": "plexus-classworlds",
                    "version": "2.5.2",
                    "configurations": "default",
                    "artifacts": [
                        {
                            "name": "plexus-classworlds",
                            "path": "/home/finalgo/.cache/coursier/v1/https/repo1.maven.org/maven2/org/codehaus/plexus/plexus-classworlds/2.5.2/plexus-classworlds-2.5.2.jar"
                        }
                    ]
                },
                {
                    "organization": "javax.annotation",
                    "name": "jsr250-api",
                    "version": "1.0",
                    "configurations": "default",
                    "artifacts": [
                        {
                            "name": "jsr250-api",
                            "path": "/home/finalgo/.cache/coursier/v1/https/repo1.maven.org/maven2/javax/annotation/jsr250-api/1.0/jsr250-api-1.0.jar"
                        }
                    ]
                },
                {
                    "organization": "javax.inject",
                    "name": "javax.inject",
                    "version": "1",
                    "configurations": "default",
                    "artifacts": [
                        {
                            "name": "javax.inject",
                            "path": "/home/finalgo/.cache/coursier/v1/https/repo1.maven.org/maven2/javax/inject/javax.inject/1/javax.inject-1.jar"
                        }
                    ]
                },
                {
                    "organization": "org.scala-sbt",
                    "name": "sbt",
                    "version": "1.3.13",
                    "configurations": "default",
                    "artifacts": [
                        {
                            "name": "sbt",
                            "path": "/home/finalgo/.cache/coursier/v1/https/repo1.maven.org/maven2/org/scala-sbt/sbt/1.3.13/sbt-1.3.13.jar"
                        }
                    ]
                },
                {
                    "organization": "org.scala-sbt",
                    "name": "main_2.12",
                    "version": "1.3.13",
                    "configurations": "default",
                    "artifacts": [
                        {
                            "name": "main_2.12",
                            "path": "/home/finalgo/.cache/coursier/v1/https/repo1.maven.org/maven2/org/scala-sbt/main_2.12/1.3.13/main_2.12-1.3.13.jar"
                        }
                    ]
                },
                {
                    "organization": "org.scala-sbt",
                    "name": "io_2.12",
                    "version": "1.3.4",
                    "configurations": "default",
                    "artifacts": [
                        {
                            "name": "io_2.12",
                            "path": "/home/finalgo/.cache/coursier/v1/https/repo1.maven.org/maven2/org/scala-sbt/io_2.12/1.3.4/io_2.12-1.3.4.jar"
                        }
                    ]
                },
                {
                    "organization": "org.scala-sbt",
                    "name": "logic_2.12",
                    "version": "1.3.13",
                    "configurations": "default",
                    "artifacts": [
                        {
                            "name": "logic_2.12",
                            "path": "/home/finalgo/.cache/coursier/v1/https/repo1.maven.org/maven2/org/scala-sbt/logic_2.12/1.3.13/logic_2.12-1.3.13.jar"
                        }
                    ]
                },
                {
                    "organization": "org.scala-sbt",
                    "name": "actions_2.12",
                    "version": "1.3.13",
                    "configurations": "default",
                    "artifacts": [
                        {
                            "name": "actions_2.12",
                            "path": "/home/finalgo/.cache/coursier/v1/https/repo1.maven.org/maven2/org/scala-sbt/actions_2.12/1.3.13/actions_2.12-1.3.13.jar"
                        }
                    ]
                },
                {
                    "organization": "org.scala-sbt",
                    "name": "main-settings_2.12",
                    "version": "1.3.13",
                    "configurations": "default",
                    "artifacts": [
                        {
                            "name": "main-settings_2.12",
                            "path": "/home/finalgo/.cache/coursier/v1/https/repo1.maven.org/maven2/org/scala-sbt/main-settings_2.12/1.3.13/main-settings_2.12-1.3.13.jar"
                        }
                    ]
                },
                {
                    "organization": "org.scala-sbt",
                    "name": "run_2.12",
                    "version": "1.3.13",
                    "configurations": "default",
                    "artifacts": [
                        {
                            "name": "run_2.12",
                            "path": "/home/finalgo/.cache/coursier/v1/https/repo1.maven.org/maven2/org/scala-sbt/run_2.12/1.3.13/run_2.12-1.3.13.jar"
                        }
                    ]
                },
                {
                    "organization": "org.scala-sbt",
                    "name": "command_2.12",
                    "version": "1.3.13",
                    "configurations": "default",
                    "artifacts": [
                        {
                            "name": "command_2.12",
                            "path": "/home/finalgo/.cache/coursier/v1/https/repo1.maven.org/maven2/org/scala-sbt/command_2.12/1.3.13/command_2.12-1.3.13.jar"
                        }
                    ]
                },
                {
                    "organization": "org.scala-sbt",
                    "name": "collections_2.12",
                    "version": "1.3.13",
                    "configurations": "default",
                    "artifacts": [
                        {
                            "name": "collections_2.12",
                            "path": "/home/finalgo/.cache/coursier/v1/https/repo1.maven.org/maven2/org/scala-sbt/collections_2.12/1.3.13/collections_2.12-1.3.13.jar"
                        }
                    ]
                },
                {
                    "organization": "org.scala-sbt",
                    "name": "scripted-sbt-redux_2.12",
                    "version": "1.3.13",
                    "configurations": "default",
                    "artifacts": [
                        {
                            "name": "scripted-sbt-redux_2.12",
                            "path": "/home/finalgo/.cache/coursier/v1/https/repo1.maven.org/maven2/org/scala-sbt/scripted-sbt-redux_2.12/1.3.13/scripted-sbt-redux_2.12-1.3.13.jar"
                        }
                    ]
                },
                {
                    "organization": "org.scala-sbt",
                    "name": "scripted-plugin_2.12",
                    "version": "1.3.13",
                    "configurations": "default",
                    "artifacts": [
                        {
                            "name": "scripted-plugin_2.12",
                            "path": "/home/finalgo/.cache/coursier/v1/https/repo1.maven.org/maven2/org/scala-sbt/scripted-plugin_2.12/1.3.13/scripted-plugin_2.12-1.3.13.jar"
                        }
                    ]
                },
                {
                    "organization": "org.scala-sbt",
                    "name": "zinc-lm-integration_2.12",
                    "version": "1.3.13",
                    "configurations": "default",
                    "artifacts": [
                        {
                            "name": "zinc-lm-integration_2.12",
                            "path": "/home/finalgo/.cache/coursier/v1/https/repo1.maven.org/maven2/org/scala-sbt/zinc-lm-integration_2.12/1.3.13/zinc-lm-integration_2.12-1.3.13.jar"
                        }
                    ]
                },
                {
                    "organization": "org.scala-sbt",
                    "name": "launcher-interface",
                    "version": "1.1.4",
                    "configurations": "default",
                    "artifacts": [
                        {
                            "name": "launcher-interface",
                            "path": "/home/finalgo/.cache/coursier/v1/https/repo1.maven.org/maven2/org/scala-sbt/launcher-interface/1.1.4/launcher-interface-1.1.4.jar"
                        }
                    ]
                },
                {
                    "organization": "org.apache.logging.log4j",
                    "name": "log4j-api",
                    "version": "2.11.2",
                    "configurations": "default",
                    "artifacts": [
                        {
                            "name": "log4j-api",
                            "path": "/home/finalgo/.cache/coursier/v1/https/repo1.maven.org/maven2/org/apache/logging/log4j/log4j-api/2.11.2/log4j-api-2.11.2.jar"
                        }
                    ]
                },
                {
                    "organization": "org.apache.logging.log4j",
                    "name": "log4j-core",
                    "version": "2.11.2",
                    "configurations": "default",
                    "artifacts": [
                        {
                            "name": "log4j-core",
                            "path": "/home/finalgo/.cache/coursier/v1/https/repo1.maven.org/maven2/org/apache/logging/log4j/log4j-core/2.11.2/log4j-core-2.11.2.jar"
                        }
                    ]
                },
                {
                    "organization": "org.apache.logging.log4j",
                    "name": "log4j-slf4j-impl",
                    "version": "2.11.2",
                    "configurations": "default",
                    "artifacts": [
                        {
                            "name": "log4j-slf4j-impl",
                            "path": "/home/finalgo/.cache/coursier/v1/https/repo1.maven.org/maven2/org/apache/logging/log4j/log4j-slf4j-impl/2.11.2/log4j-slf4j-impl-2.11.2.jar"
                        }
                    ]
                },
                {
                    "organization": "com.github.cb372",
                    "name": "scalacache-caffeine_2.12",
                    "version": "0.20.0",
                    "configurations": "default",
                    "artifacts": [
                        {
                            "name": "scalacache-caffeine_2.12",
                            "path": "/home/finalgo/.cache/coursier/v1/https/repo1.maven.org/maven2/com/github/cb372/scalacache-caffeine_2.12/0.20.0/scalacache-caffeine_2.12-0.20.0.jar"
                        }
                    ]
                },
                {
                    "organization": "io.get-coursier",
                    "name": "lm-coursier-shaded_2.12",
                    "version": "2.0.0-RC6-4",
                    "configurations": "default",
                    "artifacts": [
                        {
                            "name": "lm-coursier-shaded_2.12",
                            "path": "/home/finalgo/.cache/coursier/v1/https/repo1.maven.org/maven2/io/get-coursier/lm-coursier-shaded_2.12/2.0.0-RC6-4/lm-coursier-shaded_2.12-2.0.0-RC6-4.jar"
                        }
                    ]
                },
                {
                    "organization": "org.scala-sbt",
                    "name": "util-logging_2.12",
                    "version": "1.3.3",
                    "configurations": "default",
                    "artifacts": [
                        {
                            "name": "util-logging_2.12",
                            "path": "/home/finalgo/.cache/coursier/v1/https/repo1.maven.org/maven2/org/scala-sbt/util-logging_2.12/1.3.3/util-logging_2.12-1.3.3.jar"
                        }
                    ]
                },
                {
                    "organization": "org.scala-sbt",
                    "name": "librarymanagement-core_2.12",
                    "version": "1.3.4",
                    "configurations": "default",
                    "artifacts": [
                        {
                            "name": "librarymanagement-core_2.12",
                            "path": "/home/finalgo/.cache/coursier/v1/https/repo1.maven.org/maven2/org/scala-sbt/librarymanagement-core_2.12/1.3.4/librarymanagement-core_2.12-1.3.4.jar"
                        }
                    ]
                },
                {
                    "organization": "org.scala-sbt",
                    "name": "librarymanagement-ivy_2.12",
                    "version": "1.3.4",
                    "configurations": "default",
                    "artifacts": [
                        {
                            "name": "librarymanagement-ivy_2.12",
                            "path": "/home/finalgo/.cache/coursier/v1/https/repo1.maven.org/maven2/org/scala-sbt/librarymanagement-ivy_2.12/1.3.4/librarymanagement-ivy_2.12-1.3.4.jar"
                        }
                    ]
                },
                {
                    "organization": "org.scala-sbt",
                    "name": "compiler-interface",
                    "version": "1.3.5",
                    "configurations": "default",
                    "artifacts": [
                        {
                            "name": "compiler-interface",
                            "path": "/home/finalgo/.cache/coursier/v1/https/repo1.maven.org/maven2/org/scala-sbt/compiler-interface/1.3.5/compiler-interface-1.3.5.jar"
                        }
                    ]
                },
                {
                    "organization": "org.scala-sbt",
                    "name": "zinc-compile_2.12",
                    "version": "1.3.5",
                    "configurations": "default",
                    "artifacts": [
                        {
                            "name": "zinc-compile_2.12",
                            "path": "/home/finalgo/.cache/coursier/v1/https/repo1.maven.org/maven2/org/scala-sbt/zinc-compile_2.12/1.3.5/zinc-compile_2.12-1.3.5.jar"
                        }
                    ]
                },
                {
                    "organization": "com.swoval",
                    "name": "file-tree-views",
                    "version": "2.1.3",
                    "configurations": "default",
                    "artifacts": [
                        {
                            "name": "file-tree-views",
                            "path": "/home/finalgo/.cache/coursier/v1/https/repo1.maven.org/maven2/com/swoval/file-tree-views/2.1.3/file-tree-views-2.1.3.jar"
                        }
                    ]
                },
                {
                    "organization": "org.scala-sbt",
                    "name": "util-relation_2.12",
                    "version": "1.3.3",
                    "configurations": "default",
                    "artifacts": [
                        {
                            "name": "util-relation_2.12",
                            "path": "/home/finalgo/.cache/coursier/v1/https/repo1.maven.org/maven2/org/scala-sbt/util-relation_2.12/1.3.3/util-relation_2.12-1.3.3.jar"
                        }
                    ]
                },
                {
                    "organization": "org.scala-sbt",
                    "name": "completion_2.12",
                    "version": "1.3.13",
                    "configurations": "default",
                    "artifacts": [
                        {
                            "name": "completion_2.12",
                            "path": "/home/finalgo/.cache/coursier/v1/https/repo1.maven.org/maven2/org/scala-sbt/completion_2.12/1.3.13/completion_2.12-1.3.13.jar"
                        }
                    ]
                },
                {
                    "organization": "org.scala-sbt",
                    "name": "task-system_2.12",
                    "version": "1.3.13",
                    "configurations": "default",
                    "artifacts": [
                        {
                            "name": "task-system_2.12",
                            "path": "/home/finalgo/.cache/coursier/v1/https/repo1.maven.org/maven2/org/scala-sbt/task-system_2.12/1.3.13/task-system_2.12-1.3.13.jar"
                        }
                    ]
                },
                {
                    "organization": "org.scala-sbt",
                    "name": "tasks_2.12",
                    "version": "1.3.13",
                    "configurations": "default",
                    "artifacts": [
                        {
                            "name": "tasks_2.12",
                            "path": "/home/finalgo/.cache/coursier/v1/https/repo1.maven.org/maven2/org/scala-sbt/tasks_2.12/1.3.13/tasks_2.12-1.3.13.jar"
                        }
                    ]
                },
                {
                    "organization": "org.scala-sbt",
                    "name": "testing_2.12",
                    "version": "1.3.13",
                    "configurations": "default",
                    "artifacts": [
                        {
                            "name": "testing_2.12",
                            "path": "/home/finalgo/.cache/coursier/v1/https/repo1.maven.org/maven2/org/scala-sbt/testing_2.12/1.3.13/testing_2.12-1.3.13.jar"
                        }
                    ]
                },
                {
                    "organization": "com.eed3si9n",
                    "name": "sjson-new-scalajson_2.12",
                    "version": "0.8.3",
                    "configurations": "default",
                    "artifacts": [
                        {
                            "name": "sjson-new-scalajson_2.12",
                            "path": "/home/finalgo/.cache/coursier/v1/https/repo1.maven.org/maven2/com/eed3si9n/sjson-new-scalajson_2.12/0.8.3/sjson-new-scalajson_2.12-0.8.3.jar"
                        }
                    ]
                },
                {
                    "organization": "org.scala-sbt",
                    "name": "util-tracking_2.12",
                    "version": "1.3.3",
                    "configurations": "default",
                    "artifacts": [
                        {
                            "name": "util-tracking_2.12",
                            "path": "/home/finalgo/.cache/coursier/v1/https/repo1.maven.org/maven2/org/scala-sbt/util-tracking_2.12/1.3.3/util-tracking_2.12-1.3.3.jar"
                        }
                    ]
                },
                {
                    "organization": "org.scala-sbt",
                    "name": "zinc-classpath_2.12",
                    "version": "1.3.5",
                    "configurations": "default",
                    "artifacts": [
                        {
                            "name": "zinc-classpath_2.12",
                            "path": "/home/finalgo/.cache/coursier/v1/https/repo1.maven.org/maven2/org/scala-sbt/zinc-classpath_2.12/1.3.5/zinc-classpath_2.12-1.3.5.jar"
                        }
                    ]
                },
                {
                    "organization": "org.scala-sbt",
                    "name": "zinc-apiinfo_2.12",
                    "version": "1.3.5",
                    "configurations": "default",
                    "artifacts": [
                        {
                            "name": "zinc-apiinfo_2.12",
                            "path": "/home/finalgo/.cache/coursier/v1/https/repo1.maven.org/maven2/org/scala-sbt/zinc-apiinfo_2.12/1.3.5/zinc-apiinfo_2.12-1.3.5.jar"
                        }
                    ]
                },
                {
                    "organization": "org.scala-sbt",
                    "name": "zinc_2.12",
                    "version": "1.3.5",
                    "configurations": "default",
                    "artifacts": [
                        {
                            "name": "zinc_2.12",
                            "path": "/home/finalgo/.cache/coursier/v1/https/repo1.maven.org/maven2/org/scala-sbt/zinc_2.12/1.3.5/zinc_2.12-1.3.5.jar"
                        }
                    ]
                },
                {
                    "organization": "org.scala-sbt",
                    "name": "core-macros_2.12",
                    "version": "1.3.13",
                    "configurations": "default",
                    "artifacts": [
                        {
                            "name": "core-macros_2.12",
                            "path": "/home/finalgo/.cache/coursier/v1/https/repo1.maven.org/maven2/org/scala-sbt/core-macros_2.12/1.3.13/core-macros_2.12-1.3.13.jar"
                        }
                    ]
                },
                {
                    "organization": "org.scala-sbt",
                    "name": "util-cache_2.12",
                    "version": "1.3.3",
                    "configurations": "default",
                    "artifacts": [
                        {
                            "name": "util-cache_2.12",
                            "path": "/home/finalgo/.cache/coursier/v1/https/repo1.maven.org/maven2/org/scala-sbt/util-cache_2.12/1.3.3/util-cache_2.12-1.3.3.jar"
                        }
                    ]
                },
                {
                    "organization": "org.scala-sbt",
                    "name": "util-control_2.12",
                    "version": "1.3.3",
                    "configurations": "default",
                    "artifacts": [
                        {
                            "name": "util-control_2.12",
                            "path": "/home/finalgo/.cache/coursier/v1/https/repo1.maven.org/maven2/org/scala-sbt/util-control_2.12/1.3.3/util-control_2.12-1.3.3.jar"
                        }
                    ]
                },
                {
                    "organization": "org.scala-sbt",
                    "name": "protocol_2.12",
                    "version": "1.3.13",
                    "configurations": "default",
                    "artifacts": [
                        {
                            "name": "protocol_2.12",
                            "path": "/home/finalgo/.cache/coursier/v1/https/repo1.maven.org/maven2/org/scala-sbt/protocol_2.12/1.3.13/protocol_2.12-1.3.13.jar"
                        }
                    ]
                },
                {
                    "organization": "com.eed3si9n",
                    "name": "sjson-new-core_2.12",
                    "version": "0.8.3",
                    "configurations": "default",
                    "artifacts": [
                        {
                            "name": "sjson-new-core_2.12",
                            "path": "/home/finalgo/.cache/coursier/v1/https/repo1.maven.org/maven2/com/eed3si9n/sjson-new-core_2.12/0.8.3/sjson-new-core_2.12-0.8.3.jar"
                        }
                    ]
                },
                {
                    "organization": "org.scala-sbt",
                    "name": "template-resolver",
                    "version": "0.1",
                    "configurations": "default",
                    "artifacts": [
                        {
                            "name": "template-resolver",
                            "path": "/home/finalgo/.cache/coursier/v1/https/repo1.maven.org/maven2/org/scala-sbt/template-resolver/0.1/template-resolver-0.1.jar"
                        }
                    ]
                },
                {
                    "organization": "org.scala-sbt",
                    "name": "util-position_2.12",
                    "version": "1.3.3",
                    "configurations": "default",
                    "artifacts": [
                        {
                            "name": "util-position_2.12",
                            "path": "/home/finalgo/.cache/coursier/v1/https/repo1.maven.org/maven2/org/scala-sbt/util-position_2.12/1.3.3/util-position_2.12-1.3.3.jar"
                        }
                    ]
                },
                {
                    "organization": "org.scala-sbt",
                    "name": "util-scripted_2.12",
                    "version": "1.3.3",
                    "configurations": "default",
                    "artifacts": [
                        {
                            "name": "util-scripted_2.12",
                            "path": "/home/finalgo/.cache/coursier/v1/https/repo1.maven.org/maven2/org/scala-sbt/util-scripted_2.12/1.3.3/util-scripted_2.12-1.3.3.jar"
                        }
                    ]
                },
                {
                    "organization": "org.scala-sbt",
                    "name": "zinc-compile-core_2.12",
                    "version": "1.3.5",
                    "configurations": "default",
                    "artifacts": [
                        {
                            "name": "zinc-compile-core_2.12",
                            "path": "/home/finalgo/.cache/coursier/v1/https/repo1.maven.org/maven2/org/scala-sbt/zinc-compile-core_2.12/1.3.5/zinc-compile-core_2.12-1.3.5.jar"
                        }
                    ]
                },
                {
                    "organization": "org.slf4j",
                    "name": "slf4j-api",
                    "version": "1.7.26",
                    "configurations": "default",
                    "artifacts": [
                        {
                            "name": "slf4j-api",
                            "path": "/home/finalgo/.cache/coursier/v1/https/repo1.maven.org/maven2/org/slf4j/slf4j-api/1.7.26/slf4j-api-1.7.26.jar"
                        }
                    ]
                },
                {
                    "organization": "com.github.cb372",
                    "name": "scalacache-core_2.12",
                    "version": "0.20.0",
                    "configurations": "default",
                    "artifacts": [
                        {
                            "name": "scalacache-core_2.12",
                            "path": "/home/finalgo/.cache/coursier/v1/https/repo1.maven.org/maven2/com/github/cb372/scalacache-core_2.12/0.20.0/scalacache-core_2.12-0.20.0.jar"
                        }
                    ]
                },
                {
                    "organization": "com.github.ben-manes.caffeine",
                    "name": "caffeine",
                    "version": "2.5.6",
                    "configurations": "default",
                    "artifacts": [
                        {
                            "name": "caffeine",
                            "path": "/home/finalgo/.cache/coursier/v1/https/repo1.maven.org/maven2/com/github/ben-manes/caffeine/caffeine/2.5.6/caffeine-2.5.6.jar"
                        }
                    ]
                },
                {
                    "organization": "org.scala-sbt",
                    "name": "util-interface",
                    "version": "1.3.3",
                    "configurations": "default",
                    "artifacts": [
                        {
                            "name": "util-interface",
                            "path": "/home/finalgo/.cache/coursier/v1/https/repo1.maven.org/maven2/org/scala-sbt/util-interface/1.3.3/util-interface-1.3.3.jar"
                        }
                    ]
                },
                {
                    "organization": "jline",
                    "name": "jline",
                    "version": "2.14.6",
                    "configurations": "default",
                    "artifacts": [
                        {
                            "name": "jline",
                            "path": "/home/finalgo/.cache/coursier/v1/https/repo1.maven.org/maven2/jline/jline/2.14.6/jline-2.14.6.jar"
                        }
                    ]
                },
                {
                    "organization": "com.lmax",
                    "name": "disruptor",
                    "version": "3.4.2",
                    "configurations": "default",
                    "artifacts": [
                        {
                            "name": "disruptor",
                            "path": "/home/finalgo/.cache/coursier/v1/https/repo1.maven.org/maven2/com/lmax/disruptor/3.4.2/disruptor-3.4.2.jar"
                        }
                    ]
                },
                {
                    "organization": "org.scala-lang",
                    "name": "scala-compiler",
                    "version": "2.12.10",
                    "configurations": "default",
                    "artifacts": [
                        {
                            "name": "scala-compiler",
                            "path": "/home/finalgo/.sbt/boot/scala-2.12.10/lib/scala-compiler.jar"
                        }
                    ]
                },
                {
                    "organization": "com.jcraft",
                    "name": "jsch",
                    "version": "0.1.54",
                    "configurations": "default",
                    "artifacts": [
                        {
                            "name": "jsch",
                            "path": "/home/finalgo/.cache/coursier/v1/https/repo1.maven.org/maven2/com/jcraft/jsch/0.1.54/jsch-0.1.54.jar"
                        }
                    ]
                },
                {
                    "organization": "com.eed3si9n",
                    "name": "gigahorse-okhttp_2.12",
                    "version": "0.5.0",
                    "configurations": "default",
                    "artifacts": [
                        {
                            "name": "gigahorse-okhttp_2.12",
                            "path": "/home/finalgo/.cache/coursier/v1/https/repo1.maven.org/maven2/com/eed3si9n/gigahorse-okhttp_2.12/0.5.0/gigahorse-okhttp_2.12-0.5.0.jar"
                        }
                    ]
                },
                {
                    "organization": "com.squareup.okhttp3",
                    "name": "okhttp-urlconnection",
                    "version": "3.7.0",
                    "configurations": "default",
                    "artifacts": [
                        {
                            "name": "okhttp-urlconnection",
                            "path": "/home/finalgo/.cache/coursier/v1/https/repo1.maven.org/maven2/com/squareup/okhttp3/okhttp-urlconnection/3.7.0/okhttp-urlconnection-3.7.0.jar"
                        }
                    ]
                },
                {
                    "organization": "org.scala-sbt.ivy",
                    "name": "ivy",
                    "version": "2.3.0-sbt-839fad1cdc07cf6fc81364d74c323867230432ad",
                    "configurations": "default",
                    "artifacts": [
                        {
                            "name": "ivy",
                            "path": "/home/finalgo/.cache/coursier/v1/https/repo1.maven.org/maven2/org/scala-sbt/ivy/ivy/2.3.0-sbt-839fad1cdc07cf6fc81364d74c323867230432ad/ivy-2.3.0-sbt-839fad1cdc07cf6fc81364d74c323867230432ad.jar"
                        }
                    ]
                },
                {
                    "organization": "com.google.protobuf",
                    "name": "protobuf-java",
                    "version": "3.7.0",
                    "configurations": "default",
                    "artifacts": [
                        {
                            "name": "protobuf-java",
                            "path": "/home/finalgo/.cache/coursier/v1/https/repo1.maven.org/maven2/com/google/protobuf/protobuf-java/3.7.0/protobuf-java-3.7.0.jar"
                        }
                    ]
                },
                {
                    "organization": "org.scala-sbt",
                    "name": "test-agent",
                    "version": "1.3.13",
                    "configurations": "default",
                    "artifacts": [
                        {
                            "name": "test-agent",
                            "path": "/home/finalgo/.cache/coursier/v1/https/repo1.maven.org/maven2/org/scala-sbt/test-agent/1.3.13/test-agent-1.3.13.jar"
                        }
                    ]
                },
                {
                    "organization": "org.scala-sbt",
                    "name": "test-interface",
                    "version": "1.0",
                    "configurations": "default",
                    "artifacts": [
                        {
                            "name": "test-interface",
                            "path": "/home/finalgo/.cache/coursier/v1/https/repo1.maven.org/maven2/org/scala-sbt/test-interface/1.0/test-interface-1.0.jar"
                        }
                    ]
                },
                {
                    "organization": "com.eed3si9n",
                    "name": "shaded-scalajson_2.12",
                    "version": "1.0.0-M4",
                    "configurations": "default",
                    "artifacts": [
                        {
                            "name": "shaded-scalajson_2.12",
                            "path": "/home/finalgo/.cache/coursier/v1/https/repo1.maven.org/maven2/com/eed3si9n/shaded-scalajson_2.12/1.0.0-M4/shaded-scalajson_2.12-1.0.0-M4.jar"
                        }
                    ]
                },
                {
                    "organization": "org.spire-math",
                    "name": "jawn-parser_2.12",
                    "version": "0.10.4",
                    "configurations": "default",
                    "artifacts": [
                        {
                            "name": "jawn-parser_2.12",
                            "path": "/home/finalgo/.cache/coursier/v1/https/repo1.maven.org/maven2/org/spire-math/jawn-parser_2.12/0.10.4/jawn-parser_2.12-0.10.4.jar"
                        }
                    ]
                },
                {
                    "organization": "org.scala-sbt",
                    "name": "compiler-bridge_2.12",
                    "version": "1.3.5",
                    "configurations": "default",
                    "artifacts": [
                        {
                            "name": "compiler-bridge_2.12",
                            "path": "/home/finalgo/.cache/coursier/v1/https/repo1.maven.org/maven2/org/scala-sbt/compiler-bridge_2.12/1.3.5/compiler-bridge_2.12-1.3.5.jar"
                        }
                    ]
                },
                {
                    "organization": "org.scala-sbt",
                    "name": "zinc-classfile_2.12",
                    "version": "1.3.5",
                    "configurations": "default",
                    "artifacts": [
                        {
                            "name": "zinc-classfile_2.12",
                            "path": "/home/finalgo/.cache/coursier/v1/https/repo1.maven.org/maven2/org/scala-sbt/zinc-classfile_2.12/1.3.5/zinc-classfile_2.12-1.3.5.jar"
                        }
                    ]
                },
                {
                    "organization": "org.scala-sbt",
                    "name": "zinc-core_2.12",
                    "version": "1.3.5",
                    "configurations": "default",
                    "artifacts": [
                        {
                            "name": "zinc-core_2.12",
                            "path": "/home/finalgo/.cache/coursier/v1/https/repo1.maven.org/maven2/org/scala-sbt/zinc-core_2.12/1.3.5/zinc-core_2.12-1.3.5.jar"
                        }
                    ]
                },
                {
                    "organization": "org.scala-sbt",
                    "name": "zinc-persist_2.12",
                    "version": "1.3.5",
                    "configurations": "default",
                    "artifacts": [
                        {
                            "name": "zinc-persist_2.12",
                            "path": "/home/finalgo/.cache/coursier/v1/https/repo1.maven.org/maven2/org/scala-sbt/zinc-persist_2.12/1.3.5/zinc-persist_2.12-1.3.5.jar"
                        }
                    ]
                },
                {
                    "organization": "com.eed3si9n",
                    "name": "sjson-new-murmurhash_2.12",
                    "version": "0.8.3",
                    "configurations": "default",
                    "artifacts": [
                        {
                            "name": "sjson-new-murmurhash_2.12",
                            "path": "/home/finalgo/.cache/coursier/v1/https/repo1.maven.org/maven2/com/eed3si9n/sjson-new-murmurhash_2.12/0.8.3/sjson-new-murmurhash_2.12-0.8.3.jar"
                        }
                    ]
                },
                {
                    "organization": "org.scala-sbt.ipcsocket",
                    "name": "ipcsocket",
                    "version": "1.0.1",
                    "configurations": "default",
                    "artifacts": [
                        {
                            "name": "ipcsocket",
                            "path": "/home/finalgo/.cache/coursier/v1/https/repo1.maven.org/maven2/org/scala-sbt/ipcsocket/ipcsocket/1.0.1/ipcsocket-1.0.1.jar"
                        }
                    ]
                },
                {
                    "organization": "org.scala-lang.modules",
                    "name": "scala-parser-combinators_2.12",
                    "version": "1.1.2",
                    "configurations": "default",
                    "artifacts": [
                        {
                            "name": "scala-parser-combinators_2.12",
                            "path": "/home/finalgo/.cache/coursier/v1/https/repo1.maven.org/maven2/org/scala-lang/modules/scala-parser-combinators_2.12/1.1.2/scala-parser-combinators_2.12-1.1.2.jar"
                        }
                    ]
                },
                {
                    "organization": "com.eed3si9n",
                    "name": "gigahorse-core_2.12",
                    "version": "0.5.0",
                    "configurations": "default",
                    "artifacts": [
                        {
                            "name": "gigahorse-core_2.12",
                            "path": "/home/finalgo/.cache/coursier/v1/https/repo1.maven.org/maven2/com/eed3si9n/gigahorse-core_2.12/0.5.0/gigahorse-core_2.12-0.5.0.jar"
                        }
                    ]
                },
                {
                    "organization": "com.squareup.okhttp3",
                    "name": "okhttp",
                    "version": "3.14.2",
                    "configurations": "default",
                    "artifacts": [
                        {
                            "name": "okhttp",
                            "path": "/home/finalgo/.cache/coursier/v1/https/repo1.maven.org/maven2/com/squareup/okhttp3/okhttp/3.14.2/okhttp-3.14.2.jar"
                        }
                    ]
                },
                {
                    "organization": "com.trueaccord.scalapb",
                    "name": "scalapb-runtime_2.12",
                    "version": "0.6.0",
                    "configurations": "default",
                    "artifacts": [
                        {
                            "name": "scalapb-runtime_2.12",
                            "path": "/home/finalgo/.cache/coursier/v1/https/repo1.maven.org/maven2/com/trueaccord/scalapb/scalapb-runtime_2.12/0.6.0/scalapb-runtime_2.12-0.6.0.jar"
                        }
                    ]
                },
                {
                    "organization": "org.scala-sbt",
                    "name": "sbinary_2.12",
                    "version": "0.5.0",
                    "configurations": "default",
                    "artifacts": [
                        {
                            "name": "sbinary_2.12",
                            "path": "/home/finalgo/.cache/coursier/v1/https/repo1.maven.org/maven2/org/scala-sbt/sbinary_2.12/0.5.0/sbinary_2.12-0.5.0.jar"
                        }
                    ]
                },
                {
                    "organization": "com.typesafe",
                    "name": "ssl-config-core_2.12",
                    "version": "0.4.0",
                    "configurations": "default",
                    "artifacts": [
                        {
                            "name": "ssl-config-core_2.12",
                            "path": "/home/finalgo/.cache/coursier/v1/https/repo1.maven.org/maven2/com/typesafe/ssl-config-core_2.12/0.4.0/ssl-config-core_2.12-0.4.0.jar"
                        }
                    ]
                },
                {
                    "organization": "org.reactivestreams",
                    "name": "reactive-streams",
                    "version": "1.0.2",
                    "configurations": "default",
                    "artifacts": [
                        {
                            "name": "reactive-streams",
                            "path": "/home/finalgo/.cache/coursier/v1/https/repo1.maven.org/maven2/org/reactivestreams/reactive-streams/1.0.2/reactive-streams-1.0.2.jar"
                        }
                    ]
                },
                {
                    "organization": "com.squareup.okio",
                    "name": "okio",
                    "version": "1.17.2",
                    "configurations": "default",
                    "artifacts": [
                        {
                            "name": "okio",
                            "path": "/home/finalgo/.cache/coursier/v1/https/repo1.maven.org/maven2/com/squareup/okio/okio/1.17.2/okio-1.17.2.jar"
                        }
                    ]
                },
                {
                    "organization": "com.trueaccord.lenses",
                    "name": "lenses_2.12",
                    "version": "0.4.12",
                    "configurations": "default",
                    "artifacts": [
                        {
                            "name": "lenses_2.12",
                            "path": "/home/finalgo/.cache/coursier/v1/https/repo1.maven.org/maven2/com/trueaccord/lenses/lenses_2.12/0.4.12/lenses_2.12-0.4.12.jar"
                        }
                    ]
                },
                {
                    "organization": "com.lihaoyi",
                    "name": "fastparse_2.12",
                    "version": "0.4.2",
                    "configurations": "default",
                    "artifacts": [
                        {
                            "name": "fastparse_2.12",
                            "path": "/home/finalgo/.cache/coursier/v1/https/repo1.maven.org/maven2/com/lihaoyi/fastparse_2.12/0.4.2/fastparse_2.12-0.4.2.jar"
                        }
                    ]
                },
                {
                    "organization": "com.typesafe",
                    "name": "config",
                    "version": "1.3.3",
                    "configurations": "default",
                    "artifacts": [
                        {
                            "name": "config",
                            "path": "/home/finalgo/.cache/coursier/v1/https/repo1.maven.org/maven2/com/typesafe/config/1.3.3/config-1.3.3.jar"
                        }
                    ]
                },
                {
                    "organization": "com.lihaoyi",
                    "name": "fastparse-utils_2.12",
                    "version": "0.4.2",
                    "configurations": "default",
                    "artifacts": [
                        {
                            "name": "fastparse-utils_2.12",
                            "path": "/home/finalgo/.cache/coursier/v1/https/repo1.maven.org/maven2/com/lihaoyi/fastparse-utils_2.12/0.4.2/fastparse-utils_2.12-0.4.2.jar"
                        }
                    ]
                },
                {
                    "organization": "com.lihaoyi",
                    "name": "sourcecode_2.12",
                    "version": "0.1.3",
                    "configurations": "default",
                    "artifacts": [
                        {
                            "name": "sourcecode_2.12",
                            "path": "/home/finalgo/.cache/coursier/v1/https/repo1.maven.org/maven2/com/lihaoyi/sourcecode_2.12/0.1.3/sourcecode_2.12-0.1.3.jar"
                        }
                    ]
                },
                {
                    "organization": "org.scala-lang",
                    "name": "scala-compiler",
                    "version": "2.12.10",
                    "configurations": "optional",
                    "artifacts": [
                        {
                            "name": "scala-compiler",
                            "path": "/home/finalgo/.sbt/boot/scala-2.12.10/lib/scala-compiler.jar"
                        }
                    ]
                },
                {
                    "organization": "org.scala-lang",
                    "name": "scala-library",
                    "version": "2.12.10",
                    "configurations": "optional",
                    "artifacts": [
                        {
                            "name": "scala-library",
                            "path": "/home/finalgo/.sbt/boot/scala-2.12.10/lib/scala-library.jar"
                        }
                    ]
                }
            ]
        },
        "tags": [
            "library"
        ]
    }
}